{"cameraMode":{"drawMode":0,"name":"Shaded","section":"Shading Mode"},"sceneLighting":false,"audioPlay":false,"sceneViewState":{"showFog":true,"showMaterialUpdate":true,"showSkybox":false,"showFlares":true,"showImageEffects":true,"showParticleSystems":true},"in2DMode":false,"pivot":{"x":-0.011708974838256836,"y":0.022919893264770509,"z":0.9970499873161316},"rotation":{"x":-0.04206358641386032,"y":-0.7976321578025818,"z":0.05576107278466225,"w":-0.5992513298988342},"size":8.795011520385743,"orthographic":false}