{"cameraMode":{"drawMode":0,"name":"Shaded","section":"Shading Mode"},"sceneLighting":false,"audioPlay":false,"sceneViewState":{"showFog":true,"showMaterialUpdate":true,"showSkybox":false,"showFlares":true,"showImageEffects":true,"showParticleSystems":true},"in2DMode":false,"pivot":{"x":1.002427101135254,"y":2.150104284286499,"z":13.522797584533692},"rotation":{"x":-0.10414143651723862,"y":-0.17165547609329225,"z":0.018143316730856897,"w":-0.9795726537704468},"size":0.8020836710929871,"orthographic":false}