{"cameraMode":{"drawMode":0,"name":"Shaded","section":"Shading Mode"},"sceneLighting":false,"audioPlay":false,"sceneViewState":{"showFog":true,"showMaterialUpdate":true,"showSkybox":false,"showFlares":true,"showImageEffects":true,"showParticleSystems":true},"in2DMode":false,"pivot":{"x":0.20717668533325196,"y":4.0809831619262699,"z":-0.16405487060546876},"rotation":{"x":0.011567533947527409,"y":0.9687661528587341,"z":-0.04594719409942627,"w":0.2435411512851715},"size":12.324698448181153,"orthographic":false}