{"cameraMode":{"drawMode":0,"name":"Shaded","section":"Shading Mode"},"sceneLighting":false,"audioPlay":false,"sceneViewState":{"showFog":true,"showMaterialUpdate":true,"showSkybox":false,"showFlares":true,"showImageEffects":true,"showParticleSystems":true},"in2DMode":false,"pivot":{"x":1059.541259765625,"y":472.7545166015625,"z":-36.33216094970703},"rotation":{"x":-0.10043913125991821,"y":-0.8854455351829529,"z":0.2259940803050995,"w":-0.3935091197490692},"size":367.7094421386719,"orthographic":false}