{"cameraMode":{"drawMode":0,"name":"Shaded","section":"Shading Mode"},"sceneLighting":false,"audioPlay":false,"sceneViewState":{"showFog":true,"showMaterialUpdate":true,"showSkybox":false,"showFlares":true,"showImageEffects":true,"showParticleSystems":true},"in2DMode":false,"pivot":{"x":3940.054931640625,"y":-17.71001434326172,"z":20.32660484313965},"rotation":{"x":-0.12296222150325775,"y":0.5900681018829346,"z":-0.09153574705123902,"w":-0.7926755547523499},"size":80.18655395507813,"orthographic":false}