{"cameraMode":{"drawMode":0,"name":"Shaded","section":"Shading Mode"},"sceneLighting":true,"audioPlay":false,"sceneViewState":{"showFog":true,"showMaterialUpdate":true,"showSkybox":false,"showFlares":true,"showImageEffects":true,"showParticleSystems":true},"in2DMode":false,"pivot":{"x":-2.384185791015625e-7,"y":0.1399996280670166,"z":1.156874656677246},"rotation":{"x":-0.04206358641386032,"y":-0.7976321578025818,"z":0.05576107278466225,"w":-0.5992513298988342},"size":8.027159690856934,"orthographic":false}