{"cameraMode":{"drawMode":0,"name":"Shaded","section":"Shading Mode"},"sceneLighting":false,"audioPlay":false,"sceneViewState":{"showFog":true,"showMaterialUpdate":true,"showSkybox":false,"showFlares":true,"showImageEffects":true,"showParticleSystems":true},"in2DMode":false,"pivot":{"x":0.0,"y":1.253000020980835,"z":-2.384185791015625e-7},"rotation":{"x":0.04465412721037865,"y":0.950405478477478,"z":-0.16206131875514985,"w":0.26179468631744387},"size":14.723433494567871,"orthographic":false}