{"cameraMode":{"drawMode":0,"name":"Shaded","section":"Shading Mode"},"sceneLighting":false,"audioPlay":false,"sceneViewState":{"showFog":true,"showMaterialUpdate":true,"showSkybox":false,"showFlares":true,"showImageEffects":true,"showParticleSystems":true},"in2DMode":false,"pivot":{"x":-10.523234367370606,"y":4.113462924957275,"z":-19.0466251373291},"rotation":{"x":0.16038453578948975,"y":0.2672872245311737,"z":-0.04516001418232918,"w":0.9491289854049683},"size":1.9499056339263917,"orthographic":false}