{"cameraMode":{"drawMode":0,"name":"Shaded","section":"Shading Mode"},"sceneLighting":true,"audioPlay":false,"sceneViewState":{"showFog":true,"showMaterialUpdate":true,"showSkybox":false,"showFlares":true,"showImageEffects":true,"showParticleSystems":true},"in2DMode":false,"pivot":{"x":0.0,"y":0.12999999523162843,"z":1.1200000047683716},"rotation":{"x":-0.04206358641386032,"y":-0.7976321578025818,"z":0.05576107278466225,"w":-0.5992513298988342},"size":8.0020751953125,"orthographic":false}