{"cameraMode":{"drawMode":0,"name":"Shaded","section":"Shading Mode"},"sceneLighting":false,"audioPlay":false,"sceneViewState":{"showFog":true,"showMaterialUpdate":true,"showSkybox":false,"showFlares":true,"showImageEffects":true,"showParticleSystems":true},"in2DMode":false,"pivot":{"x":-5.96673583984375,"y":3.0875511169433595,"z":-4.305004119873047},"rotation":{"x":0.033339451998472217,"y":0.9666987061500549,"z":-0.1813029646873474,"w":0.17769789695739747},"size":48.698341369628909,"orthographic":false}