{"cameraMode":{"drawMode":0,"name":"Shaded","section":"Shading Mode"},"sceneLighting":false,"audioPlay":false,"sceneViewState":{"showFog":true,"showMaterialUpdate":true,"showSkybox":false,"showFlares":true,"showImageEffects":true,"showParticleSystems":true},"in2DMode":false,"pivot":{"x":-0.704521656036377,"y":5.664690017700195,"z":-1.315293312072754},"rotation":{"x":0.0035689452197402717,"y":0.9746376276016235,"z":-0.015491202473640442,"w":0.22336968779563905},"size":14.723433494567871,"orthographic":false}